[
{
  "model": "admin.logentry",
  "pk": 1,
  "fields": {
    "action_time": "2024-06-03T09:43:54.794Z",
    "user": 1,
    "content_type": 10,
    "object_id": "1",
    "object_repr": "Test title one",
    "action_flag": 1,
    "change_message": "[{\"added\": {}}]"
  }
},
{
  "model": "admin.logentry",
  "pk": 2,
  "fields": {
    "action_time": "2024-06-03T09:44:02.188Z",
    "user": 1,
    "content_type": 10,
    "object_id": "2",
    "object_repr": "Test title two",
    "action_flag": 1,
    "change_message": "[{\"added\": {}}]"
  }
},
{
  "model": "admin.logentry",
  "pk": 3,
  "fields": {
    "action_time": "2024-06-03T09:44:12.485Z",
    "user": 1,
    "content_type": 10,
    "object_id": "3",
    "object_repr": "Test title three whatever!",
    "action_flag": 1,
    "change_message": "[{\"added\": {}}]"
  }
},
{
  "model": "admin.logentry",
  "pk": 4,
  "fields": {
    "action_time": "2024-06-03T09:55:20.359Z",
    "user": 1,
    "content_type": 11,
    "object_id": "1",
    "object_repr": "Blog one",
    "action_flag": 1,
    "change_message": "[{\"added\": {}}]"
  }
},
{
  "model": "admin.logentry",
  "pk": 5,
  "fields": {
    "action_time": "2024-06-03T09:56:19.865Z",
    "user": 1,
    "content_type": 11,
    "object_id": "2",
    "object_repr": "Eius Amet Dolore Modi",
    "action_flag": 1,
    "change_message": "[{\"added\": {}}]"
  }
},
{
  "model": "admin.logentry",
  "pk": 6,
  "fields": {
    "action_time": "2024-06-03T09:56:50.445Z",
    "user": 1,
    "content_type": 11,
    "object_id": "3",
    "object_repr": "Non Dolorem Dolor",
    "action_flag": 1,
    "change_message": "[{\"added\": {}}]"
  }
},
{
  "model": "admin.logentry",
  "pk": 7,
  "fields": {
    "action_time": "2024-06-03T09:56:53.195Z",
    "user": 1,
    "content_type": 11,
    "object_id": "3",
    "object_repr": "Non Dolorem Dolor",
    "action_flag": 2,
    "change_message": "[]"
  }
},
{
  "model": "admin.logentry",
  "pk": 8,
  "fields": {
    "action_time": "2024-06-03T09:57:21.577Z",
    "user": 1,
    "content_type": 11,
    "object_id": "4",
    "object_repr": "Porro Amet Tempora Modi",
    "action_flag": 1,
    "change_message": "[{\"added\": {}}]"
  }
},
{
  "model": "admin.logentry",
  "pk": 9,
  "fields": {
    "action_time": "2024-06-03T09:57:47.413Z",
    "user": 1,
    "content_type": 11,
    "object_id": "5",
    "object_repr": "Sit Eius Adipisci",
    "action_flag": 1,
    "change_message": "[{\"added\": {}}]"
  }
},
{
  "model": "admin.logentry",
  "pk": 10,
  "fields": {
    "action_time": "2024-06-03T09:57:58.489Z",
    "user": 1,
    "content_type": 11,
    "object_id": "3",
    "object_repr": "Non Dolorem Dolor",
    "action_flag": 2,
    "change_message": "[{\"changed\": {\"fields\": [\"Status\"]}}]"
  }
},
{
  "model": "admin.logentry",
  "pk": 11,
  "fields": {
    "action_time": "2024-06-03T09:58:02.535Z",
    "user": 1,
    "content_type": 11,
    "object_id": "2",
    "object_repr": "Eius Amet Dolore Modi",
    "action_flag": 2,
    "change_message": "[{\"changed\": {\"fields\": [\"Status\"]}}]"
  }
},
{
  "model": "admin.logentry",
  "pk": 12,
  "fields": {
    "action_time": "2024-06-03T09:58:05.425Z",
    "user": 1,
    "content_type": 11,
    "object_id": "1",
    "object_repr": "Blog one",
    "action_flag": 2,
    "change_message": "[{\"changed\": {\"fields\": [\"Status\"]}}]"
  }
},
{
  "model": "admin.logentry",
  "pk": 13,
  "fields": {
    "action_time": "2024-06-03T10:11:55.738Z",
    "user": 1,
    "content_type": 7,
    "object_id": "1",
    "object_repr": "localhost:8000",
    "action_flag": 2,
    "change_message": "[{\"changed\": {\"fields\": [\"Domain name\", \"Display name\"]}}]"
  }
},
{
  "model": "admin.logentry",
  "pk": 14,
  "fields": {
    "action_time": "2024-06-06T02:18:42.231Z",
    "user": 1,
    "content_type": 11,
    "object_id": "6",
    "object_repr": "Amet Sed Non",
    "action_flag": 1,
    "change_message": "[{\"added\": {}}]"
  }
},
{
  "model": "admin.logentry",
  "pk": 15,
  "fields": {
    "action_time": "2024-06-06T02:18:59.313Z",
    "user": 1,
    "content_type": 11,
    "object_id": "7",
    "object_repr": "Non ut dolore voluptatem dolorem",
    "action_flag": 1,
    "change_message": "[{\"added\": {}}]"
  }
},
{
  "model": "admin.logentry",
  "pk": 16,
  "fields": {
    "action_time": "2024-06-06T03:33:01.836Z",
    "user": 1,
    "content_type": 14,
    "object_id": "1",
    "object_repr": "Toy",
    "action_flag": 1,
    "change_message": "[{\"added\": {}}]"
  }
},
{
  "model": "admin.logentry",
  "pk": 17,
  "fields": {
    "action_time": "2024-06-06T03:34:27.726Z",
    "user": 1,
    "content_type": 13,
    "object_id": "1",
    "object_repr": "Sit Ipsum Tempora Labore Quaerat",
    "action_flag": 1,
    "change_message": "[{\"added\": {}}]"
  }
},
{
  "model": "admin.logentry",
  "pk": 18,
  "fields": {
    "action_time": "2024-06-06T03:35:10.839Z",
    "user": 1,
    "content_type": 13,
    "object_id": "2",
    "object_repr": "Ipsum Eius Dolor",
    "action_flag": 1,
    "change_message": "[{\"added\": {}}]"
  }
},
{
  "model": "admin.logentry",
  "pk": 19,
  "fields": {
    "action_time": "2024-06-06T03:35:52.389Z",
    "user": 1,
    "content_type": 13,
    "object_id": "1",
    "object_repr": "Sit Ipsum Tempora Labore Quaerat",
    "action_flag": 2,
    "change_message": "[{\"changed\": {\"fields\": [\"Image\"]}}]"
  }
},
{
  "model": "admin.logentry",
  "pk": 20,
  "fields": {
    "action_time": "2024-06-06T03:38:12.568Z",
    "user": 1,
    "content_type": 13,
    "object_id": "2",
    "object_repr": "Ipsum Eius Dolor",
    "action_flag": 2,
    "change_message": "[{\"changed\": {\"fields\": [\"Image\"]}}]"
  }
},
{
  "model": "admin.logentry",
  "pk": 21,
  "fields": {
    "action_time": "2024-06-06T03:42:29.740Z",
    "user": 1,
    "content_type": 13,
    "object_id": "2",
    "object_repr": "Ipsum Eius Dolor",
    "action_flag": 2,
    "change_message": "[{\"changed\": {\"fields\": [\"Image\"]}}]"
  }
},
{
  "model": "admin.logentry",
  "pk": 22,
  "fields": {
    "action_time": "2024-06-06T03:42:40.446Z",
    "user": 1,
    "content_type": 13,
    "object_id": "1",
    "object_repr": "Sit Ipsum Tempora Labore Quaerat",
    "action_flag": 2,
    "change_message": "[{\"changed\": {\"fields\": [\"Image\"]}}]"
  }
},
{
  "model": "admin.logentry",
  "pk": 23,
  "fields": {
    "action_time": "2024-06-06T06:59:39.593Z",
    "user": 1,
    "content_type": 11,
    "object_id": "6",
    "object_repr": "Amet Sed Non",
    "action_flag": 2,
    "change_message": "[{\"changed\": {\"fields\": [\"Author image\", \"Status\"]}}]"
  }
},
{
  "model": "admin.logentry",
  "pk": 24,
  "fields": {
    "action_time": "2024-06-07T03:11:41.921Z",
    "user": 1,
    "content_type": 11,
    "object_id": "7",
    "object_repr": "Non ut dolore voluptatem dolorem",
    "action_flag": 3,
    "change_message": ""
  }
},
{
  "model": "admin.logentry",
  "pk": 25,
  "fields": {
    "action_time": "2024-06-07T03:11:41.928Z",
    "user": 1,
    "content_type": 11,
    "object_id": "1",
    "object_repr": "Blog one",
    "action_flag": 3,
    "change_message": ""
  }
},
{
  "model": "admin.logentry",
  "pk": 26,
  "fields": {
    "action_time": "2024-06-07T03:11:41.930Z",
    "user": 1,
    "content_type": 11,
    "object_id": "2",
    "object_repr": "Eius Amet Dolore Modi",
    "action_flag": 3,
    "change_message": ""
  }
},
{
  "model": "admin.logentry",
  "pk": 27,
  "fields": {
    "action_time": "2024-06-07T03:11:41.931Z",
    "user": 1,
    "content_type": 11,
    "object_id": "3",
    "object_repr": "Non Dolorem Dolor",
    "action_flag": 3,
    "change_message": ""
  }
},
{
  "model": "admin.logentry",
  "pk": 28,
  "fields": {
    "action_time": "2024-06-07T03:11:41.933Z",
    "user": 1,
    "content_type": 11,
    "object_id": "4",
    "object_repr": "Porro Amet Tempora Modi",
    "action_flag": 3,
    "change_message": ""
  }
},
{
  "model": "admin.logentry",
  "pk": 29,
  "fields": {
    "action_time": "2024-06-07T03:11:41.935Z",
    "user": 1,
    "content_type": 11,
    "object_id": "5",
    "object_repr": "Sit Eius Adipisci",
    "action_flag": 3,
    "change_message": ""
  }
},
{
  "model": "admin.logentry",
  "pk": 30,
  "fields": {
    "action_time": "2024-06-07T03:11:41.937Z",
    "user": 1,
    "content_type": 11,
    "object_id": "6",
    "object_repr": "Amet Sed Non",
    "action_flag": 3,
    "change_message": ""
  }
},
{
  "model": "admin.logentry",
  "pk": 31,
  "fields": {
    "action_time": "2024-06-07T03:12:45.555Z",
    "user": 1,
    "content_type": 11,
    "object_id": "8",
    "object_repr": "Quiquia Labore Porro Consectetur",
    "action_flag": 1,
    "change_message": "[{\"added\": {}}]"
  }
},
{
  "model": "admin.logentry",
  "pk": 32,
  "fields": {
    "action_time": "2024-06-07T03:12:56.786Z",
    "user": 1,
    "content_type": 11,
    "object_id": "8",
    "object_repr": "Quiquia Labore Porro Consectetur",
    "action_flag": 2,
    "change_message": "[]"
  }
},
{
  "model": "admin.logentry",
  "pk": 33,
  "fields": {
    "action_time": "2024-06-07T03:13:13.487Z",
    "user": 1,
    "content_type": 11,
    "object_id": "9",
    "object_repr": "Etincidunt Ut Dolorem",
    "action_flag": 1,
    "change_message": "[{\"added\": {}}]"
  }
},
{
  "model": "admin.logentry",
  "pk": 34,
  "fields": {
    "action_time": "2024-06-07T03:13:39.218Z",
    "user": 1,
    "content_type": 11,
    "object_id": "10",
    "object_repr": "Velit Modi Amet Quisquam",
    "action_flag": 1,
    "change_message": "[{\"added\": {}}]"
  }
},
{
  "model": "admin.logentry",
  "pk": 35,
  "fields": {
    "action_time": "2024-06-07T03:14:09.869Z",
    "user": 1,
    "content_type": 11,
    "object_id": "11",
    "object_repr": "Eius Quisquam Etincidunt Modi",
    "action_flag": 1,
    "change_message": "[{\"added\": {}}]"
  }
},
{
  "model": "admin.logentry",
  "pk": 36,
  "fields": {
    "action_time": "2024-06-07T03:14:35.844Z",
    "user": 1,
    "content_type": 11,
    "object_id": "12",
    "object_repr": "Adipisci Ipsum Quiquia Etincidunt Porro Non",
    "action_flag": 1,
    "change_message": "[{\"added\": {}}]"
  }
},
{
  "model": "admin.logentry",
  "pk": 37,
  "fields": {
    "action_time": "2024-06-07T08:11:22.879Z",
    "user": 1,
    "content_type": 11,
    "object_id": "13",
    "object_repr": "Dolore Velit Est Adipisci",
    "action_flag": 1,
    "change_message": "[{\"added\": {}}]"
  }
},
{
  "model": "admin.logentry",
  "pk": 38,
  "fields": {
    "action_time": "2024-06-07T08:11:42.630Z",
    "user": 1,
    "content_type": 11,
    "object_id": "14",
    "object_repr": "Est Velit Non Est Est Aliq",
    "action_flag": 1,
    "change_message": "[{\"added\": {}}]"
  }
},
{
  "model": "auth.permission",
  "pk": 1,
  "fields": {
    "name": "Can add log entry",
    "content_type": 1,
    "codename": "add_logentry"
  }
},
{
  "model": "auth.permission",
  "pk": 2,
  "fields": {
    "name": "Can change log entry",
    "content_type": 1,
    "codename": "change_logentry"
  }
},
{
  "model": "auth.permission",
  "pk": 3,
  "fields": {
    "name": "Can delete log entry",
    "content_type": 1,
    "codename": "delete_logentry"
  }
},
{
  "model": "auth.permission",
  "pk": 4,
  "fields": {
    "name": "Can view log entry",
    "content_type": 1,
    "codename": "view_logentry"
  }
},
{
  "model": "auth.permission",
  "pk": 5,
  "fields": {
    "name": "Can add permission",
    "content_type": 2,
    "codename": "add_permission"
  }
},
{
  "model": "auth.permission",
  "pk": 6,
  "fields": {
    "name": "Can change permission",
    "content_type": 2,
    "codename": "change_permission"
  }
},
{
  "model": "auth.permission",
  "pk": 7,
  "fields": {
    "name": "Can delete permission",
    "content_type": 2,
    "codename": "delete_permission"
  }
},
{
  "model": "auth.permission",
  "pk": 8,
  "fields": {
    "name": "Can view permission",
    "content_type": 2,
    "codename": "view_permission"
  }
},
{
  "model": "auth.permission",
  "pk": 9,
  "fields": {
    "name": "Can add group",
    "content_type": 3,
    "codename": "add_group"
  }
},
{
  "model": "auth.permission",
  "pk": 10,
  "fields": {
    "name": "Can change group",
    "content_type": 3,
    "codename": "change_group"
  }
},
{
  "model": "auth.permission",
  "pk": 11,
  "fields": {
    "name": "Can delete group",
    "content_type": 3,
    "codename": "delete_group"
  }
},
{
  "model": "auth.permission",
  "pk": 12,
  "fields": {
    "name": "Can view group",
    "content_type": 3,
    "codename": "view_group"
  }
},
{
  "model": "auth.permission",
  "pk": 13,
  "fields": {
    "name": "Can add user",
    "content_type": 4,
    "codename": "add_user"
  }
},
{
  "model": "auth.permission",
  "pk": 14,
  "fields": {
    "name": "Can change user",
    "content_type": 4,
    "codename": "change_user"
  }
},
{
  "model": "auth.permission",
  "pk": 15,
  "fields": {
    "name": "Can delete user",
    "content_type": 4,
    "codename": "delete_user"
  }
},
{
  "model": "auth.permission",
  "pk": 16,
  "fields": {
    "name": "Can view user",
    "content_type": 4,
    "codename": "view_user"
  }
},
{
  "model": "auth.permission",
  "pk": 17,
  "fields": {
    "name": "Can add content type",
    "content_type": 5,
    "codename": "add_contenttype"
  }
},
{
  "model": "auth.permission",
  "pk": 18,
  "fields": {
    "name": "Can change content type",
    "content_type": 5,
    "codename": "change_contenttype"
  }
},
{
  "model": "auth.permission",
  "pk": 19,
  "fields": {
    "name": "Can delete content type",
    "content_type": 5,
    "codename": "delete_contenttype"
  }
},
{
  "model": "auth.permission",
  "pk": 20,
  "fields": {
    "name": "Can view content type",
    "content_type": 5,
    "codename": "view_contenttype"
  }
},
{
  "model": "auth.permission",
  "pk": 21,
  "fields": {
    "name": "Can add session",
    "content_type": 6,
    "codename": "add_session"
  }
},
{
  "model": "auth.permission",
  "pk": 22,
  "fields": {
    "name": "Can change session",
    "content_type": 6,
    "codename": "change_session"
  }
},
{
  "model": "auth.permission",
  "pk": 23,
  "fields": {
    "name": "Can delete session",
    "content_type": 6,
    "codename": "delete_session"
  }
},
{
  "model": "auth.permission",
  "pk": 24,
  "fields": {
    "name": "Can view session",
    "content_type": 6,
    "codename": "view_session"
  }
},
{
  "model": "auth.permission",
  "pk": 25,
  "fields": {
    "name": "Can add site",
    "content_type": 7,
    "codename": "add_site"
  }
},
{
  "model": "auth.permission",
  "pk": 26,
  "fields": {
    "name": "Can change site",
    "content_type": 7,
    "codename": "change_site"
  }
},
{
  "model": "auth.permission",
  "pk": 27,
  "fields": {
    "name": "Can delete site",
    "content_type": 7,
    "codename": "delete_site"
  }
},
{
  "model": "auth.permission",
  "pk": 28,
  "fields": {
    "name": "Can view site",
    "content_type": 7,
    "codename": "view_site"
  }
},
{
  "model": "auth.permission",
  "pk": 29,
  "fields": {
    "name": "Can add tag",
    "content_type": 8,
    "codename": "add_tag"
  }
},
{
  "model": "auth.permission",
  "pk": 30,
  "fields": {
    "name": "Can change tag",
    "content_type": 8,
    "codename": "change_tag"
  }
},
{
  "model": "auth.permission",
  "pk": 31,
  "fields": {
    "name": "Can delete tag",
    "content_type": 8,
    "codename": "delete_tag"
  }
},
{
  "model": "auth.permission",
  "pk": 32,
  "fields": {
    "name": "Can view tag",
    "content_type": 8,
    "codename": "view_tag"
  }
},
{
  "model": "auth.permission",
  "pk": 33,
  "fields": {
    "name": "Can add tagged item",
    "content_type": 9,
    "codename": "add_taggeditem"
  }
},
{
  "model": "auth.permission",
  "pk": 34,
  "fields": {
    "name": "Can change tagged item",
    "content_type": 9,
    "codename": "change_taggeditem"
  }
},
{
  "model": "auth.permission",
  "pk": 35,
  "fields": {
    "name": "Can delete tagged item",
    "content_type": 9,
    "codename": "delete_taggeditem"
  }
},
{
  "model": "auth.permission",
  "pk": 36,
  "fields": {
    "name": "Can view tagged item",
    "content_type": 9,
    "codename": "view_taggeditem"
  }
},
{
  "model": "auth.permission",
  "pk": 37,
  "fields": {
    "name": "Can add slide",
    "content_type": 10,
    "codename": "add_slide"
  }
},
{
  "model": "auth.permission",
  "pk": 38,
  "fields": {
    "name": "Can change slide",
    "content_type": 10,
    "codename": "change_slide"
  }
},
{
  "model": "auth.permission",
  "pk": 39,
  "fields": {
    "name": "Can delete slide",
    "content_type": 10,
    "codename": "delete_slide"
  }
},
{
  "model": "auth.permission",
  "pk": 40,
  "fields": {
    "name": "Can view slide",
    "content_type": 10,
    "codename": "view_slide"
  }
},
{
  "model": "auth.permission",
  "pk": 41,
  "fields": {
    "name": "Can add post",
    "content_type": 11,
    "codename": "add_post"
  }
},
{
  "model": "auth.permission",
  "pk": 42,
  "fields": {
    "name": "Can change post",
    "content_type": 11,
    "codename": "change_post"
  }
},
{
  "model": "auth.permission",
  "pk": 43,
  "fields": {
    "name": "Can delete post",
    "content_type": 11,
    "codename": "delete_post"
  }
},
{
  "model": "auth.permission",
  "pk": 44,
  "fields": {
    "name": "Can view post",
    "content_type": 11,
    "codename": "view_post"
  }
},
{
  "model": "auth.permission",
  "pk": 45,
  "fields": {
    "name": "Can add comment",
    "content_type": 12,
    "codename": "add_comment"
  }
},
{
  "model": "auth.permission",
  "pk": 46,
  "fields": {
    "name": "Can change comment",
    "content_type": 12,
    "codename": "change_comment"
  }
},
{
  "model": "auth.permission",
  "pk": 47,
  "fields": {
    "name": "Can delete comment",
    "content_type": 12,
    "codename": "delete_comment"
  }
},
{
  "model": "auth.permission",
  "pk": 48,
  "fields": {
    "name": "Can view comment",
    "content_type": 12,
    "codename": "view_comment"
  }
},
{
  "model": "auth.permission",
  "pk": 49,
  "fields": {
    "name": "Can add product",
    "content_type": 13,
    "codename": "add_product"
  }
},
{
  "model": "auth.permission",
  "pk": 50,
  "fields": {
    "name": "Can change product",
    "content_type": 13,
    "codename": "change_product"
  }
},
{
  "model": "auth.permission",
  "pk": 51,
  "fields": {
    "name": "Can delete product",
    "content_type": 13,
    "codename": "delete_product"
  }
},
{
  "model": "auth.permission",
  "pk": 52,
  "fields": {
    "name": "Can view product",
    "content_type": 13,
    "codename": "view_product"
  }
},
{
  "model": "auth.permission",
  "pk": 53,
  "fields": {
    "name": "Can add category",
    "content_type": 14,
    "codename": "add_category"
  }
},
{
  "model": "auth.permission",
  "pk": 54,
  "fields": {
    "name": "Can change category",
    "content_type": 14,
    "codename": "change_category"
  }
},
{
  "model": "auth.permission",
  "pk": 55,
  "fields": {
    "name": "Can delete category",
    "content_type": 14,
    "codename": "delete_category"
  }
},
{
  "model": "auth.permission",
  "pk": 56,
  "fields": {
    "name": "Can view category",
    "content_type": 14,
    "codename": "view_category"
  }
},
{
  "model": "auth.permission",
  "pk": 57,
  "fields": {
    "name": "Can add order item",
    "content_type": 15,
    "codename": "add_orderitem"
  }
},
{
  "model": "auth.permission",
  "pk": 58,
  "fields": {
    "name": "Can change order item",
    "content_type": 15,
    "codename": "change_orderitem"
  }
},
{
  "model": "auth.permission",
  "pk": 59,
  "fields": {
    "name": "Can delete order item",
    "content_type": 15,
    "codename": "delete_orderitem"
  }
},
{
  "model": "auth.permission",
  "pk": 60,
  "fields": {
    "name": "Can view order item",
    "content_type": 15,
    "codename": "view_orderitem"
  }
},
{
  "model": "auth.permission",
  "pk": 61,
  "fields": {
    "name": "Can add order",
    "content_type": 16,
    "codename": "add_order"
  }
},
{
  "model": "auth.permission",
  "pk": 62,
  "fields": {
    "name": "Can change order",
    "content_type": 16,
    "codename": "change_order"
  }
},
{
  "model": "auth.permission",
  "pk": 63,
  "fields": {
    "name": "Can delete order",
    "content_type": 16,
    "codename": "delete_order"
  }
},
{
  "model": "auth.permission",
  "pk": 64,
  "fields": {
    "name": "Can view order",
    "content_type": 16,
    "codename": "view_order"
  }
},
{
  "model": "auth.user",
  "pk": 1,
  "fields": {
    "password": "pbkdf2_sha256$720000$hbEUY9dbJaS9H2MD0lOGTc$p9SjOVga1xJgxvT/QyuDTx1BBm+dcznc4HubaFe7zMc=",
    "last_login": "2024-06-03T09:42:56.089Z",
    "is_superuser": true,
    "username": "admin",
    "first_name": "",
    "last_name": "",
    "email": "fuckeverything@qq.com",
    "is_staff": true,
    "is_active": true,
    "date_joined": "2024-06-03T09:42:49.093Z",
    "groups": [],
    "user_permissions": []
  }
},
{
  "model": "contenttypes.contenttype",
  "pk": 1,
  "fields": {
    "app_label": "admin",
    "model": "logentry"
  }
},
{
  "model": "contenttypes.contenttype",
  "pk": 2,
  "fields": {
    "app_label": "auth",
    "model": "permission"
  }
},
{
  "model": "contenttypes.contenttype",
  "pk": 3,
  "fields": {
    "app_label": "auth",
    "model": "group"
  }
},
{
  "model": "contenttypes.contenttype",
  "pk": 4,
  "fields": {
    "app_label": "auth",
    "model": "user"
  }
},
{
  "model": "contenttypes.contenttype",
  "pk": 5,
  "fields": {
    "app_label": "contenttypes",
    "model": "contenttype"
  }
},
{
  "model": "contenttypes.contenttype",
  "pk": 6,
  "fields": {
    "app_label": "sessions",
    "model": "session"
  }
},
{
  "model": "contenttypes.contenttype",
  "pk": 7,
  "fields": {
    "app_label": "sites",
    "model": "site"
  }
},
{
  "model": "contenttypes.contenttype",
  "pk": 8,
  "fields": {
    "app_label": "taggit",
    "model": "tag"
  }
},
{
  "model": "contenttypes.contenttype",
  "pk": 9,
  "fields": {
    "app_label": "taggit",
    "model": "taggeditem"
  }
},
{
  "model": "contenttypes.contenttype",
  "pk": 10,
  "fields": {
    "app_label": "core",
    "model": "slide"
  }
},
{
  "model": "contenttypes.contenttype",
  "pk": 11,
  "fields": {
    "app_label": "blog",
    "model": "post"
  }
},
{
  "model": "contenttypes.contenttype",
  "pk": 12,
  "fields": {
    "app_label": "blog",
    "model": "comment"
  }
},
{
  "model": "contenttypes.contenttype",
  "pk": 13,
  "fields": {
    "app_label": "shop",
    "model": "product"
  }
},
{
  "model": "contenttypes.contenttype",
  "pk": 14,
  "fields": {
    "app_label": "shop",
    "model": "category"
  }
},
{
  "model": "contenttypes.contenttype",
  "pk": 15,
  "fields": {
    "app_label": "orders",
    "model": "orderitem"
  }
},
{
  "model": "contenttypes.contenttype",
  "pk": 16,
  "fields": {
    "app_label": "orders",
    "model": "order"
  }
},
{
  "model": "sessions.session",
  "pk": "cwvpbzcixh6xagautk8wgum3fd6baa3l",
  "fields": {
    "session_data": ".eJxVjDsOwyAQRO9CHSGWxTG4TO8zWAsswUmEJX8qy3cPllwkzRQzb94uBtrWPGwLz8MYRSdA3H47T-HN5Rzii8pzkmEq6zx6eSLyWhfZT5E_j4v9E2Racn0nvGNoOGkgZcCDstwmT4kNuqSt9mC0A6Ua7Vt0gWuSRWMQKVZIVWmgeRXdfhxfFg061Q:1sFUyb:WLkOvPpgQm3k7LAiHvyNDsqzxkwzHd4RrZL_aWI-2UI",
    "expire_date": "2024-06-21T08:29:33.127Z"
  }
},
{
  "model": "sites.site",
  "pk": 1,
  "fields": {
    "domain": "localhost:8000",
    "name": "localhost:8000"
  }
},
{
  "model": "taggit.tag",
  "pk": 1,
  "fields": {
    "name": "Toys",
    "slug": "toys"
  }
},
{
  "model": "taggit.tag",
  "pk": 2,
  "fields": {
    "name": "Food",
    "slug": "food"
  }
},
{
  "model": "taggit.tag",
  "pk": 3,
  "fields": {
    "name": "Cat",
    "slug": "cat"
  }
},
{
  "model": "taggit.tag",
  "pk": 4,
  "fields": {
    "name": "Dog",
    "slug": "dog"
  }
},
{
  "model": "taggit.tag",
  "pk": 5,
  "fields": {
    "name": "music",
    "slug": "music"
  }
},
{
  "model": "taggit.tag",
  "pk": 6,
  "fields": {
    "name": "fuckA",
    "slug": "fucka"
  }
},
{
  "model": "taggit.tag",
  "pk": 7,
  "fields": {
    "name": "django",
    "slug": "django"
  }
},
{
  "model": "taggit.tag",
  "pk": 8,
  "fields": {
    "name": "fuckC",
    "slug": "fuckc"
  }
},
{
  "model": "taggit.tag",
  "pk": 9,
  "fields": {
    "name": "fuckB",
    "slug": "fuckb"
  }
},
{
  "model": "taggit.tag",
  "pk": 10,
  "fields": {
    "name": "jazz",
    "slug": "jazz"
  }
},
{
  "model": "taggit.tag",
  "pk": 11,
  "fields": {
    "name": "Fuck",
    "slug": "fuck"
  }
},
{
  "model": "taggit.taggeditem",
  "pk": 16,
  "fields": {
    "tag": 1,
    "content_type": 11,
    "object_id": 8
  }
},
{
  "model": "taggit.taggeditem",
  "pk": 17,
  "fields": {
    "tag": 2,
    "content_type": 11,
    "object_id": 8
  }
},
{
  "model": "taggit.taggeditem",
  "pk": 18,
  "fields": {
    "tag": 3,
    "content_type": 11,
    "object_id": 9
  }
},
{
  "model": "taggit.taggeditem",
  "pk": 19,
  "fields": {
    "tag": 4,
    "content_type": 11,
    "object_id": 10
  }
},
{
  "model": "taggit.taggeditem",
  "pk": 20,
  "fields": {
    "tag": 1,
    "content_type": 11,
    "object_id": 11
  }
},
{
  "model": "taggit.taggeditem",
  "pk": 21,
  "fields": {
    "tag": 1,
    "content_type": 11,
    "object_id": 12
  }
},
{
  "model": "taggit.taggeditem",
  "pk": 22,
  "fields": {
    "tag": 2,
    "content_type": 11,
    "object_id": 12
  }
},
{
  "model": "taggit.taggeditem",
  "pk": 23,
  "fields": {
    "tag": 11,
    "content_type": 11,
    "object_id": 12
  }
},
{
  "model": "taggit.taggeditem",
  "pk": 24,
  "fields": {
    "tag": 1,
    "content_type": 11,
    "object_id": 13
  }
},
{
  "model": "taggit.taggeditem",
  "pk": 25,
  "fields": {
    "tag": 2,
    "content_type": 11,
    "object_id": 13
  }
},
{
  "model": "taggit.taggeditem",
  "pk": 26,
  "fields": {
    "tag": 1,
    "content_type": 11,
    "object_id": 14
  }
},
{
  "model": "taggit.taggeditem",
  "pk": 27,
  "fields": {
    "tag": 2,
    "content_type": 11,
    "object_id": 14
  }
},
{
  "model": "core.slide",
  "pk": 1,
  "fields": {
    "img": "slides/slide-01-1920x1000_mBbgUVg.png",
    "title": "Test title one",
    "subtitle": "test-title-one"
  }
},
{
  "model": "core.slide",
  "pk": 2,
  "fields": {
    "img": "slides/slide-02-1920x1000_xFDXy2e.png",
    "title": "Test title two",
    "subtitle": "test-title-two"
  }
},
{
  "model": "core.slide",
  "pk": 3,
  "fields": {
    "img": "slides/slide-03-1920x1000_oSe6XSN.png",
    "title": "Test title three whatever!",
    "subtitle": "test-title-three-whatever"
  }
},
{
  "model": "blog.post",
  "pk": 8,
  "fields": {
    "title": "Quiquia Labore Porro Consectetur",
    "slug": "quiquia-labore-porro-consectetur",
    "author": 1,
    "author_image": "",
    "body": "Sed quisquam sed neque. Voluptatem sit quaerat quaerat ipsum ut aliquam quisquam. Quisquam quiquia sit etincidunt. Ipsum velit non dolorem quiquia aliquam quaerat etincidunt. Sit tempora dolore porro ipsum numquam non non.",
    "publish": "2024-06-07T03:12:17Z",
    "created": "2024-06-07T03:12:45.542Z",
    "updated": "2024-06-07T03:12:56.782Z",
    "status": "PB",
    "post_type": "CN"
  }
},
{
  "model": "blog.post",
  "pk": 9,
  "fields": {
    "title": "Etincidunt Ut Dolorem",
    "slug": "etincidunt-ut-dolorem",
    "author": 1,
    "author_image": "",
    "body": "Magnam dolore quisquam eius labore eius velit aliquam. Magnam porro est numquam tempora. Dolore adipisci ut quaerat voluptatem. Adipisci porro etincidunt sed dolor. Dolorem porro velit porro dolor tempora ut dolor. Ut magnam eius dolorem aliquam. Eius quisquam voluptatem adipisci labore amet quiquia ut.",
    "publish": "2024-06-07T03:12:56Z",
    "created": "2024-06-07T03:13:13.480Z",
    "updated": "2024-06-07T03:13:13.480Z",
    "status": "PB",
    "post_type": "CN"
  }
},
{
  "model": "blog.post",
  "pk": 10,
  "fields": {
    "title": "Velit Modi Amet Quisquam",
    "slug": "velit-modi-amet-quisquam",
    "author": 1,
    "author_image": "",
    "body": "Quaerat magnam neque tempora. Sit etincidunt dolor eius. Est ut quisquam consectetur porro. Ipsum ipsum consectetur quaerat dolore ipsum dolorem. Velit porro aliquam etincidunt ipsum labore est. Velit sit ut etincidunt tempora tempora consectetur. Ipsum ipsum non sit sit.",
    "publish": "2024-06-07T03:13:13Z",
    "created": "2024-06-07T03:13:39.211Z",
    "updated": "2024-06-07T03:13:39.211Z",
    "status": "PB",
    "post_type": "CN"
  }
},
{
  "model": "blog.post",
  "pk": 11,
  "fields": {
    "title": "Eius Quisquam Etincidunt Modi",
    "slug": "eius-quisquam-etincidunt-modi",
    "author": 1,
    "author_image": "",
    "body": "Aliquam velit adipisci quisquam quisquam numquam modi. Modi neque est dolore eius amet amet. Non dolorem porro aliquam. Adipisci voluptatem quisquam labore non velit. Eius dolorem consectetur numquam etincidunt modi non. Non etincidunt adipisci sed labore numquam ut. Adipisci adipisci amet sed quaerat quaerat eius dolore.",
    "publish": "2024-06-07T03:13:39Z",
    "created": "2024-06-07T03:14:09.863Z",
    "updated": "2024-06-07T03:14:09.863Z",
    "status": "PB",
    "post_type": "CN"
  }
},
{
  "model": "blog.post",
  "pk": 12,
  "fields": {
    "title": "Adipisci Ipsum Quiquia Etincidunt Porro Non",
    "slug": "adipisci-ipsum-quiquia-etincidunt-porro-non",
    "author": 1,
    "author_image": "",
    "body": "Non est voluptatem consectetur labore dolor voluptatem quisquam. Quaerat ut eius neque sed. Eius voluptatem non consectetur est quaerat neque. Non quaerat neque modi eius. Labore labore dolore ut magnam. Porro eius quisquam non aliquam velit. Amet voluptatem consectetur sed sed.",
    "publish": "2024-06-07T03:14:09Z",
    "created": "2024-06-07T03:14:35.829Z",
    "updated": "2024-06-07T03:14:35.829Z",
    "status": "PB",
    "post_type": "CN"
  }
},
{
  "model": "blog.post",
  "pk": 13,
  "fields": {
    "title": "Dolore Velit Est Adipisci",
    "slug": "dolore-velit-est-adipisci",
    "author": 1,
    "author_image": "",
    "body": "Numquam sed quiquia quisquam sit. Velit amet labore consectetur neque neque tempora. Amet ipsum neque est ipsum eius. Quiquia labore quaerat velit amet. Magnam non dolorem etincidunt amet. Sit etincidunt sit dolore dolor eius.",
    "publish": "2024-06-07T08:10:53Z",
    "created": "2024-06-07T08:11:22.875Z",
    "updated": "2024-06-07T08:11:22.875Z",
    "status": "PB",
    "post_type": "CN"
  }
},
{
  "model": "blog.post",
  "pk": 14,
  "fields": {
    "title": "Est Velit Non Est Est Aliq",
    "slug": "est-velit-non-est-est-aliq",
    "author": 1,
    "author_image": "",
    "body": "Non sed labore adipisci eius ipsum quaerat. Quaerat dolore sit consectetur adipisci. Neque adipisci voluptatem tempora amet. Dolore consectetur eius tempora voluptatem. Quisquam non tempora magnam tempora. Etincidunt dolor est ut consectetur consectetur adipisci.",
    "publish": "2024-06-07T08:11:22Z",
    "created": "2024-06-07T08:11:42.628Z",
    "updated": "2024-06-07T08:11:42.628Z",
    "status": "PB",
    "post_type": "CN"
  }
},
{
  "model": "blog.comment",
  "pk": 5,
  "fields": {
    "post": 12,
    "name": "Est Quiquia",
    "email": "matrixqbox@qq.com",
    "body": "Porro etincidunt est numquam. Voluptatem dolor quisquam quiquia neque modi sit. Labore quisquam ipsum labore dolorem eius labore ut. Porro modi dolor non porro. Eius magnam ipsum non. Neque quaerat neque porro. Labore quiquia magnam quisquam modi porro sit aliquam. Est aliquam amet neque quiquia aliquam dolorem dolor. Dolore consectetur voluptatem sed ipsum ipsum quaerat. Porro neque tempora labore quisquam sit aliquam.",
    "created": "2024-06-07T08:22:53.824Z",
    "updated": "2024-06-07T08:22:53.824Z",
    "active": true
  }
},
{
  "model": "blog.comment",
  "pk": 6,
  "fields": {
    "post": 12,
    "name": "Ut Dolor Sed",
    "email": "guillerm2oarnold78@outlook.hu",
    "body": "Voluptatem velit est adipisci. Quaerat adipisci dolorem labore porro tempora. Dolorem sit velit ipsum. Sit ipsum labore dolor sit amet. Quaerat est velit etincidunt. Porro magnam non sit etincidunt porro dolorem.",
    "created": "2024-06-07T08:23:21.836Z",
    "updated": "2024-06-07T08:23:21.836Z",
    "active": true
  }
},
{
  "model": "shop.category",
  "pk": 1,
  "fields": {
    "name": "Toy",
    "slug": "toy"
  }
},
{
  "model": "shop.product",
  "pk": 1,
  "fields": {
    "category": 1,
    "name": "Sit Ipsum Tempora Labore Quaerat",
    "slug": "sit-ipsum-tempora-labore-quaerat",
    "image": "products/2024/06/06/product-04-229x223.png",
    "description": "Sit etincidunt est quiquia labore quisquam quiquia ut. Neque neque eius adipisci dolorem dolor porro ipsum. Amet aliquam non etincidunt velit. Magnam tempora neque voluptatem. Est etincidunt ut amet porro non porro ipsum.",
    "price": "12.00",
    "available": true,
    "created": "2024-06-06T03:34:27.718Z",
    "updated": "2024-06-06T03:42:40.445Z"
  }
},
{
  "model": "shop.product",
  "pk": 2,
  "fields": {
    "category": 1,
    "name": "Ipsum Eius Dolor",
    "slug": "ipsum-eius-dolor",
    "image": "products/2024/06/06/product-03-217x215.png",
    "description": "Non quiquia consectetur porro numquam voluptatem. Porro ut dolorem quisquam magnam numquam. Porro dolore ipsum ipsum. Voluptatem consectetur labore porro amet. Est labore labore amet ut quiquia etincidunt. Porro sit labore aliquam etincidunt adipisci.",
    "price": "2.00",
    "available": true,
    "created": "2024-06-06T03:35:10.839Z",
    "updated": "2024-06-06T03:42:29.737Z"
  }
}
]
